390,11029 Signal Hill Dr,Austin,TX,78737
393,11029 Signal Hill Dr,Austin,TX,78737
396,11029 Signal Hill Dr,Austin,TX,78737
750,7500 Rialto Blvd,Austin,TX,78735
1104,6218 Brodie Ln,Austin,TX,78745
1113,6218 Brodie Ln,Austin,TX,78745
1452,3201 Bee Cave Rd,Austin,TX,78746
1935,3403 S Lamar Blvd,Austin,TX,78704
1941,3403 S Lamar Blvd,Austin,TX,78704
2109,1224 S Congress Ave,Austin,TX,78704
2190,2056 W Stassney Ln,Austin,TX,78745
2193,2056 W Stassney Ln,Austin,TX,78745
3444,8801 South Interstate Hwy 35,Austin,TX,78744
3447,8801 S I-35 Frontage Rd,Austin,TX,78744
3483,729 E Slaughter Ln,Austin,TX,78744
4002,19020 Interstate 35,Kyle,TX,78640
4347,1688 State Highway 71 W,Cedar Creek,TX,78612
4527,6112 US Highway 183 S,Austin,TX,78744
4557,8624 FM812,Austin,TX,78719
4560,8624 FM812,Austin,TX,78719
4593,13301 Dearbonne Dr,Del Valle,TX,78617
7470,512 E Riverside Dr,Austin,TX,78704
7479,512 E Riverside Dr,Austin,TX,78704
8058,111 E Cesar Chavez St (Radisson Hotel,Austin,TX,78701
9336,517 W Martin Luther King Jr Blvd,Austin,TX,78701
9381,214 W 4th St,Austin,TX,78701
9690,110 E Second St,Austin,TX,78701
10167,515 Congress Ave,Austin,TX,78701
10593,525 N Lamar Blvd,Austin,TX,78703
10599,525 N Lamar Blvd,Austin,TX,78703
10617,406 Walsh St,Austin,TX,78703
10632,406 Walsh St,Austin,TX,78703
10812,1449  Ashton Lane,Austin,TX,78701
11421,115 Willie May Way,Elgin,TX,78621
11523,13011 Shops Pkwy,Bee Cave,TX,78738
11673,13011 Shops Pkwy,Austin,TX,78738
11715,3305 Ranch Rd 620 S,Austin,TX,78738
11772,18101 State Highway 71,Austin,TX,78738
11775,18101 State Hwy 71,Austin,TX,78738
11820,22000 State Highway 71 W,Spicewood,TX,78669
11997,1310 Ranch Rd 620 S,Lakeway,TX,78734
12015,1310 Ranch Rd 620 S,Lakeway,TX,78734
12018,1310 RR 620 S,Austin,TX,78734
12705,2525 W Anderson Ln,Austin,TX,78757
12825,3801 N Capital Of Texas Hwy,Austin,TX,78746
13332,4400 N Lamar Blvd,Austin,TX,78756
13437,1515 W 35th St,Austin,TX,78703
13440,1515 W 35th St,Austin,TX,78703
14127,2402 San Gabriel St,Austin,TX,78705
14322,2402 Guadalupe St,Austin,TX,78705
14325,2402 Guadalupe St,Austin,TX,78705
14406,2222 Rio Grande St,Austin,TX,78705
14424,2222 Rio Grande St,Austin,TX,78705
14760,900 W 12th St,Austin,TX,78703
14763,900 W 12th St,Austin,TX,78703
15009,5973 Hi Line Rd,Austin,TX,78734
15012,5973 Hi Line Rd,Austin,TX,78734
15102,7500 Lohman Ford Rd,Lago Vista,TX,78645
15105,7500 Lohman Ford Rd,Lago Vista,TX,78645
15159,23296 Nameless Rd,Leander,TX,78641
15606,1500 S,Leander,TX,78641
15861,209 Farley St,Hutto,TX,78634
16128,1310 E Whitestone Blvd,Cedar Park,TX,78613
16194,1335 E Whitestone Blvd,Cedar Park,TX,78613
16218,1335 E Whitestone Blvd,Cedar Park,TX,78613
16509,14900 Avery Ranch Blvd,Austin,TX,78717
16521,14900 Avery Ranch Blvd,Austin,TX,78717
16548,9900 W Parmer Ln,Austin,TX,78717
16554,9900 W Parmer Ln,Austin,TX,78717
16647,9222 W Parmer Ln D,Austin,TX,78717
16866,11200 Lakeline Mall Dr,Cedar Park,TX,78613
16977,13785 Research Blvd,Austin,TX,78750
17190,12206 Ranch Rd 620 N,Cedar Park,TX,78613
17211,12206 N FM 620,Cedar Park,TX,78613
17301,11416 N FM 620,Austin,TX,78726
17973,4602 Weletka Dr,Austin,TX,78734
17976,4602 Weletka Dr,Austin,TX,78734
18258,10401 Anderson Mill Rd,Austin,TX,78750
18261,10401 Anderson Mill Rd,Austin,TX,78750
18318,13450 N Highway 183,Austin,TX,78750
18345,9617 Anderson Mill Rd 238,Austin,TX,78750
19185,10010 N Capital of Texas Hwy,Austin,TX,78759
19188,10010 N Capital of Texas Hwy,Austin,TX,78759
19872,1201 Barbara Jordan Blvd,Austin,TX,78723
20067,10309 Hibbs Ln,Manor,TX,78653
20388,4700 W Guadalupe St,Austin,TX,78751
20610,5610 N Interstate 35,Austin,TX,78751
20613,5610 N Interstate 35,Austin,TX,78751
21153,7100 North I-35,Austin,TX,78752
21243,6610 N Lamar Blvd,Austin,TX,78752
21246,6610 N Lamar Blvd,Austin,TX,78752
21354,7010 Easy Wind Dr,Austin,TX,78752
21423,510 E Anderson Ln,Austin,TX,78752
21426,510 E Anderson Ln,Austin,TX,78752
22119,8610 N Lamar Blvd,Austin,TX,78753
22284,2438 W Anderson Ln. A-1,Austin,TX,78757
22635,9616 N Lamar Blvd,Austin,TX,78753
22698,9710 N Lamar Blvd,Austin,TX,78753
22923,10721 N Lamar Blvd,Austin,TX,78753
22926,10721 N Lamar Blvd,Austin,TX,78753
23184,10901 N Lamar Blvd,Austin,TX,78753
23187,10901 N Lamar Blvd,Austin,TX,78753
23424,2307 Kramer Ln,Austin,TX,78758
23445,2307 Kramer Ln,Austin,TX,78758
23598,10901 Domain Dr,Austin,TX,78758
23607,10901 Domain Dr,Austin,TX,78758
24357,12510 McCallen Pass,Austin,TX,78753
24549,13000 N Interstate 35,Austin,TX,78753
24711,1200 W Howard Ln,Austin,TX,78753
25812,3750 Gattis School Rd,Round Rock,TX,78664
25815,3750 Gattis School Rd,Round Rock,TX,78664
25983,18816 Limestone Commercial Dr,Pflugerville,TX,78660
26094,661 Louis Henna Blvd,Round Rock,TX,78664
26103,661 Louis Henna Blvd,Round Rock,TX,78664
26817,1700 E Palm Valley Blvd,Round Rock,TX,78664
26850,2111 E Palm Valley Blvd,Round Rock,TX,78665
27129,106 S Mays St,Round Rock,TX,78664
27309,1702 N Mays St,Round Rock,TX,78664
27327,1702 N Mays St,Round Rock,TX,78664
27579,3350 E Palm Valley Blvd,Round Rock,TX,78665
27609,3350 E Palm Valley Blvd,Round Rock,TX,78665
28542,1013 W University Ave,Georgetown,TX,78628
28545,1013 W University Ave,Georgetown,TX,78628
28557,1013 W University Ave,Georgetown,TX,78628
29178,13282 W State Hwy 29,Liberty Hill,TX,78642
29253,14751 W State Hwy 29,Liberty Hill,TX,78642
29625,601 n austin ave,Georgetown,TX,78626
29628,601 N AUSTIN AVE,Georgetown,TX,78626
