"20610","5610 N Interstate 35, Austin, TX, 78751","Match","Non_Exact","5610 N I- 35 SVC RD, AUSTIN, TX, 78751","-97.709046580089,30.312663357245","63932580","L"
"22635","9616 N Lamar Blvd, Austin, TX, 78753","Match","Exact","9616 N LAMAR BLVD, AUSTIN, TX, 78753","-97.6955481878,30.365793106942","63930820","L"
"21423","510 E Anderson Ln, Austin, TX, 78752","Match","Exact","510 E ANDERSON LN, AUSTIN, TX, 78752","-97.702504786685,30.341848740789","657241011","R"
"22119","8610 N Lamar Blvd, Austin, TX, 78753","Match","Exact","8610 N LAMAR BLVD, AUSTIN, TX, 78753","-97.704014784375,30.354636928495","63932025","L"
"18258","10401 Anderson Mill Rd, Austin, TX, 78750","Match","Exact","10401 ANDERSON MILL RD, AUSTIN, TX, 78750","-97.809741384138,30.447008651707","651469611","L"
"19188","10010 N Capital of Texas Hwy, Austin, TX, 78759","Match","Exact","10010 N CAPITAL OF TEXAS HWY, AUSTIN, TX, 78759","-97.739067538083,30.390799339314","641671050","L"
"23607","10901 Domain Dr, Austin, TX, 78758","Match","Exact","10901 DOMAIN DR, AUSTIN, TX, 78758","-97.726594054744,30.39494704483","640743441","R"
"25983","18816 Limestone Commercial Dr, Pflugerville, TX, 78660","Match","Exact","18816 LIMESTONE COMMERCIAL DR, PFLUGERVILLE, TX, 78660","-97.59613050103,30.468008830455","641803536","R"
"27129","106 S Mays St, Round Rock, TX, 78664","Match","Exact","106 S MAYS ST, ROUND ROCK, TX, 78664","-97.678706067011,30.508126317812","126441404","L"
"3483","729 E Slaughter Ln, Austin, TX, 78744","Match","Exact","729 E SLAUGHTER LN, AUSTIN, TX, 78744","-97.777026803577,30.160542035777","64095779","R"
"19185","10010 N Capital of Texas Hwy, Austin, TX, 78759","Match","Exact","10010 N CAPITAL OF TEXAS HWY, AUSTIN, TX, 78759","-97.739067538083,30.390799339314","641671050","L"
"16194","1335 E Whitestone Blvd, Cedar Park, TX, 78613","Match","Exact","1335 E WHITESTONE BLVD, CEDAR PARK, TX, 78613","-97.813788034842,30.526057705463","637887551","L"
"23445","2307 Kramer Ln, Austin, TX, 78758","Match","Exact","2307 KRAMER LN, AUSTIN, TX, 78758","-97.714199460794,30.39103240806","63930113","L"
"20613","5610 N Interstate 35, Austin, TX, 78751","Match","Non_Exact","5610 N I- 35 SVC RD, AUSTIN, TX, 78751","-97.709046580089,30.312663357245","63932580","L"
"21426","510 E Anderson Ln, Austin, TX, 78752","Match","Exact","510 E ANDERSON LN, AUSTIN, TX, 78752","-97.702504786685,30.341848740789","657241011","R"
"750","7500 Rialto Blvd, Austin, TX, 78735","Match","Exact","7500 RIALTO BLVD, AUSTIN, TX, 78735","-97.86866331714,30.251160975626","64015583","R"
"10812","1449  Ashton Lane, Austin, TX, 78701","No_Match"
"1452","3201 Bee Cave Rd, Austin, TX, 78746","No_Match"
"17211","12206 N FM 620, Cedar Park, TX, 78613","No_Match"
"24549","13000 N Interstate 35, Austin, TX, 78753","No_Match"
"22923","10721 N Lamar Blvd, Austin, TX, 78753","Match","Exact","10721 N LAMAR BLVD, AUSTIN, TX, 78753","-97.689610148251,30.376072474208","63934133","R"
"17973","4602 Weletka Dr, Austin, TX, 78734","Match","Exact","4602 WELETKA DR, AUSTIN, TX, 78734","-97.926149704041,30.405931095832","63923525","L"
"16521","14900 Avery Ranch Blvd, Austin, TX, 78717","Match","Exact","14900 AVERY RANCH BLVD, AUSTIN, TX, 78717","-97.777394688665,30.497571954263","641270606","R"
"20067","10309 Hibbs Ln, Manor, TX, 78653","Match","Exact","10309 HIBBS LN, MANOR, TX, 78653","-97.473819623294,30.301453172294","64019555","R"
"22926","10721 N Lamar Blvd, Austin, TX, 78753","Match","Exact","10721 N LAMAR BLVD, AUSTIN, TX, 78753","-97.689610148251,30.376072474208","63934133","R"
"19872","1201 Barbara Jordan Blvd, Austin, TX, 78723","Match","Exact","1201 BARBARA JORDAN BLVD, AUSTIN, TX, 78723","-97.709233658574,30.306695871544","640827607","L"
"21153","7100 North I-35, Austin, TX, 78752","Match","Non_Exact","7100 N I- 35 SVC RD, AUSTIN, TX, 78752","-97.704966085823,30.332325340173","642468988","L"
"18261","10401 Anderson Mill Rd, Austin, TX, 78750","Match","Exact","10401 ANDERSON MILL RD, AUSTIN, TX, 78750","-97.809741384138,30.447008651707","651469611","L"
"1104","6218 Brodie Ln, Austin, TX, 78745","Match","Exact","6218 BRODIE LN, AUSTIN, TX, 78745","-97.825600196137,30.2217839198","63991217","R"
"16128","1310 E Whitestone Blvd, Cedar Park, TX, 78613","Match","Exact","1310 E WHITESTONE BLVD, CEDAR PARK, TX, 78613","-97.815121706948,30.525525753407","637887551","R"
"15159","23296 Nameless Rd, Leander, TX, 78641","Match","Exact","23296 NAMELESS RD, LEANDER, TX, 78641","-97.935269834829,30.53191214196","64122683","L"
"11997","1310 Ranch Rd 620 S, Lakeway, TX, 78734","Match","Exact","1310 RANCH RD 620 S, LAKEWAY, TX, 78734","-97.963518790462,30.350120393057","63923331","R"
"17976","4602 Weletka Dr, Austin, TX, 78734","Match","Exact","4602 WELETKA DR, AUSTIN, TX, 78734","-97.926149704041,30.405931095832","63923525","L"
"16647","9222 W Parmer Ln D, Austin, TX, 78717","Match","Non_Exact","9222 W PARMER LN, AUSTIN, TX, 78717","-97.765474317766,30.478150812242","637884896","L"
"17301","11416 N FM 620, Austin, TX, 78726","No_Match"
"21246","6610 N Lamar Blvd, Austin, TX, 78752","Match","Exact","6610 N LAMAR BLVD, AUSTIN, TX, 78752","-97.721218914254,30.334152265294","63931604","L"
"4593","13301 Dearbonne Dr, Del Valle, TX, 78617","Match","Exact","13301 DEARBONNE DR, DEL VALLE, TX, 78617","-97.61290974416,30.174886932642","64095019","R"
"26817","1700 E Palm Valley Blvd, Round Rock, TX, 78664","Match","Non_Exact","1700 PALM VALLEY BLVD, ROUND ROCK, TX, 78664","-97.661711913951,30.517340602853","637907342","R"
"21243","6610 N Lamar Blvd, Austin, TX, 78752","Match","Exact","6610 N LAMAR BLVD, AUSTIN, TX, 78752","-97.721218914254,30.334152265294","63931604","L"
"24357","12510 McCallen Pass, Austin, TX, 78753","Match","Exact","12510 MCCALLEN PASS, AUSTIN, TX, 78753","-97.664376011277,30.404356184638","641663613","L"
"28557","1013 W University Ave, Georgetown, TX, 78628","Match","Exact","1013 W UNIVERSITY AVE, GEORGETOWN, TX, 78628","-97.694772970639,30.632938169771","648751968","R"
"22698","9710 N Lamar Blvd, Austin, TX, 78753","Match","Exact","9710 N LAMAR BLVD, AUSTIN, TX, 78753","-97.695097621001,30.36658877701","63930820","L"
"23424","2307 Kramer Ln, Austin, TX, 78758","Match","Exact","2307 KRAMER LN, AUSTIN, TX, 78758","-97.714199460794,30.39103240806","63930113","L"
"1113","6218 Brodie Ln, Austin, TX, 78745","Match","Exact","6218 BRODIE LN, AUSTIN, TX, 78745","-97.825600196137,30.2217839198","63991217","R"
"10593","525 N Lamar Blvd, Austin, TX, 78703","Match","Exact","525 N LAMAR BLVD, AUSTIN, TX, 78703","-97.754365395106,30.270601264345","63943021","R"
"4347","1688 State Highway 71 W, Cedar Creek, TX, 78612","Match","Non_Exact","1688 STATE HWY 71, CEDAR CREEK, TX, 78612","-97.444388278692,30.129172727836","45463119","R"
"12015","1310 Ranch Rd 620 S, Lakeway, TX, 78734","Match","Exact","1310 RANCH RD 620 S, LAKEWAY, TX, 78734","-97.963518790462,30.350120393057","63923331","R"
"15009","5973 Hi Line Rd, Austin, TX, 78734","Match","Non_Exact","5973 HILINE RD, AUSTIN, TX, 78734","-97.940284653165,30.430952571915","63977490","L"
"26094","661 Louis Henna Blvd, Round Rock, TX, 78664","Match","Exact","661 LOUIS HENNA BLVD, ROUND ROCK, TX, 78664","-97.657861110833,30.482811767657","647882643","R"
"10599","525 N Lamar Blvd, Austin, TX, 78703","Match","Exact","525 N LAMAR BLVD, AUSTIN, TX, 78703","-97.754365395106,30.270601264345","63943021","R"
"10632","406 Walsh St, Austin, TX, 78703","Match","Exact","406 WALSH ST, AUSTIN, TX, 78703","-97.758490892277,30.271160447225","63943007","L"
"12018","1310 RR 620 S, Austin, TX, 78734","No_Match"
"16218","1335 E Whitestone Blvd, Cedar Park, TX, 78613","Match","Exact","1335 E WHITESTONE BLVD, CEDAR PARK, TX, 78613","-97.813788034842,30.526057705463","637887551","L"
"16977","13785 Research Blvd, Austin, TX, 78750","No_Match"
"4002","19020 Interstate 35, Kyle, TX, 78640","No_Match"
"7479","512 E Riverside Dr, Austin, TX, 78704","Match","Exact","512 E RIVERSIDE DR, AUSTIN, TX, 78704","-97.742813416234,30.25289166587","64008044","L"
"15012","5973 Hi Line Rd, Austin, TX, 78734","Match","Non_Exact","5973 HILINE RD, AUSTIN, TX, 78734","-97.940284653165,30.430952571915","63977490","L"
"7470","512 E Riverside Dr, Austin, TX, 78704","Match","Exact","512 E RIVERSIDE DR, AUSTIN, TX, 78704","-97.742813416234,30.25289166587","64008044","L"
"12825","3801 N Capital Of Texas Hwy, Austin, TX, 78746","Match","Exact","3801 N CAPITAL OF TEXAS HWY, AUSTIN, TX, 78746","-97.80538179094,30.336256254843","64103924","R"
"12705","2525 W Anderson Ln, Austin, TX, 78757","Match","Exact","2525 W ANDERSON LN, AUSTIN, TX, 78757","-97.73383714952,30.357393951544","641675252","L"
"16509","14900 Avery Ranch Blvd, Austin, TX, 78717","Match","Exact","14900 AVERY RANCH BLVD, AUSTIN, TX, 78717","-97.777394688665,30.497571954263","641270606","R"
"29253","14751 W State Hwy 29, Liberty Hill, TX, 78642","Match","Exact","14751 W STATE HWY 29, LIBERTY HILL, TX, 78642","-97.926055611944,30.675018096796","655873122","L"
"16866","11200 Lakeline Mall Dr, Cedar Park, TX, 78613","No_Match"
"14325","2402 Guadalupe St, Austin, TX, 78705","Match","Exact","2402 GUADALUPE ST, AUSTIN, TX, 78705","-97.741609718131,30.287799320917","63942712","L"
"14322","2402 Guadalupe St, Austin, TX, 78705","Match","Exact","2402 GUADALUPE ST, AUSTIN, TX, 78705","-97.741609718131,30.287799320917","63942712","L"
"27609","3350 E Palm Valley Blvd, Round Rock, TX, 78665","Match","Exact","3350 E PALM VALLEY BLVD, ROUND ROCK, TX, 78665","-97.632245247863,30.525207448577","126441326","L"
"2190","2056 W Stassney Ln, Austin, TX, 78745","Match","Exact","2056 W STASSNEY LN, AUSTIN, TX, 78745","-97.798987673471,30.216408486582","63939146","R"
"8058","111 E Cesar Chavez St (Radisson Hotel, Austin, TX, 78701","Match","Non_Exact","111 E CESAR CHAVEZ ST, AUSTIN, TX, 78701","-97.744396706534,30.263278104554","63943482","R"
"13440","1515 W 35th St, Austin, TX, 78703","Match","Exact","1515 W 35TH ST, AUSTIN, TX, 78703","-97.750070985111,30.306580794041","64008034","L"
"15102","7500 Lohman Ford Rd, Lago Vista, TX, 78645","Match","Exact","7500 LOHMAN FORD RD, LAGO VISTA, TX, 78645","-97.977401215571,30.46874655926","64074952","R"
"15861","209 Farley St, Hutto, TX, 78634","Match","Exact","209 FARLEY ST, HUTTO, TX, 78634","-97.547431108246,30.543904896765","126425836","R"
"16554","9900 W Parmer Ln, Austin, TX, 78717","Match","Exact","9900 W PARMER LN, AUSTIN, TX, 78717","-97.770408454437,30.485982215236","126456788","L"
"9381","214 W 4th St, Austin, TX, 78701","Match","Exact","214 W 4TH ST, AUSTIN, TX, 78701","-97.744986279228,30.266680195177","63943428","R"
"27327","1702 N Mays St, Round Rock, TX, 78664","Match","Exact","1702 N MAYS ST, ROUND ROCK, TX, 78664","-97.685960472542,30.52399586867","126423304","L"
"29625","601 n austin ave, Georgetown, TX, 78626","Match","Exact","601 N AUSTIN AVE, GEORGETOWN, TX, 78626","-97.678221546077,30.646551441591","126416232","R"
"390","11029 Signal Hill Dr, Austin, TX, 78737","Match","Non_Exact","11029 SIGNAL HILL RD, AUSTIN, TX, 78737","-97.968293207642,30.191615530577","63830258","R"
"393","11029 Signal Hill Dr, Austin, TX, 78737","Match","Non_Exact","11029 SIGNAL HILL RD, AUSTIN, TX, 78737","-97.968293207642,30.191615530577","63830258","R"
"2193","2056 W Stassney Ln, Austin, TX, 78745","Match","Exact","2056 W STASSNEY LN, AUSTIN, TX, 78745","-97.798987673471,30.216408486582","63939146","R"
"29628","601 N AUSTIN AVE, Georgetown, TX, 78626","Match","Exact","601 N AUSTIN AVE, GEORGETOWN, TX, 78626","-97.678221546077,30.646551441591","126416232","R"
"396","11029 Signal Hill Dr, Austin, TX, 78737","Match","Non_Exact","11029 SIGNAL HILL RD, AUSTIN, TX, 78737","-97.968293207642,30.191615530577","63830258","R"
"10617","406 Walsh St, Austin, TX, 78703","Match","Exact","406 WALSH ST, AUSTIN, TX, 78703","-97.758490892277,30.271160447225","63943007","L"
"15105","7500 Lohman Ford Rd, Lago Vista, TX, 78645","Match","Exact","7500 LOHMAN FORD RD, LAGO VISTA, TX, 78645","-97.977401215571,30.46874655926","64074952","R"
"11421","115 Willie May Way, Elgin, TX, 78621","Match","Exact","115 WILLIE MAY WAY, ELGIN, TX, 78621","-97.47680305054,30.227623487447","45462928","R"
"1935","3403 S Lamar Blvd, Austin, TX, 78704","Match","Exact","3403 S LAMAR BLVD, AUSTIN, TX, 78704","-97.786450975316,30.240548640074","650101542","L"
"4527","6112 US Highway 183 S, Austin, TX, 78744","Match","Non_Exact","6112 US HWY 183, AUSTIN, TX, 78744","-97.692137955794,30.167570844953","636371382","R"
"2109","1224 S Congress Ave, Austin, TX, 78704","Match","Non_Exact","1224 CONGRESS AVE S, AUSTIN, TX, 78704","-97.748878046038,30.251897427406","63944867","R"
"11820","22000 State Highway 71 W, Spicewood, TX, 78669","Match","Non_Exact","22000 STATE HWY 71, SPICEWOOD, TX, 78669","-98.071083610793,30.365687518518","641736316","L"
"18345","9617 Anderson Mill Rd 238, Austin, TX, 78750","Match","Non_Exact","9617 ANDERSON MILL RD, AUSTIN, TX, 78750","-97.791582778157,30.448408985408","637886344","L"
"20388","4700 W Guadalupe St, Austin, TX, 78751","Match","Non_Exact","4700 GUADALUPE ST W, AUSTIN, TX, 78751","-97.732413711424,30.315084064755","635282252","L"
"21354","7010 Easy Wind Dr, Austin, TX, 78752","Match","Exact","7010 EASY WIND DR, AUSTIN, TX, 78752","-97.718505055244,30.339258746191","633892252","R"
"27579","3350 E Palm Valley Blvd, Round Rock, TX, 78665","Match","Exact","3350 E PALM VALLEY BLVD, ROUND ROCK, TX, 78665","-97.632245247863,30.525207448577","126441326","L"
"28545","1013 W University Ave, Georgetown, TX, 78628","Match","Exact","1013 W UNIVERSITY AVE, GEORGETOWN, TX, 78628","-97.694772970639,30.632938169771","648751968","R"
"1941","3403 S Lamar Blvd, Austin, TX, 78704","Match","Exact","3403 S LAMAR BLVD, AUSTIN, TX, 78704","-97.786450975316,30.240548640074","650101542","L"
"11715","3305 Ranch Rd 620 S, Austin, TX, 78738","Match","Exact","3305 RANCH RD 620 S, AUSTIN, TX, 78738","-97.96326968763,30.326595174988","637311386","L"
"3447","8801 S I-35 Frontage Rd, Austin, TX, 78744","No_Match"
"3444","8801 South Interstate Hwy 35, Austin, TX, 78744","No_Match"
"22284","2438 W Anderson Ln. A-1, Austin, TX, 78757","Match","Non_Exact","2438 W ANDERSON LN, AUSTIN, TX, 78757","-97.731271622094,30.356465381578","641674934","R"
"28542","1013 W University Ave, Georgetown, TX, 78628","Match","Exact","1013 W UNIVERSITY AVE, GEORGETOWN, TX, 78628","-97.694772970639,30.632938169771","648751968","R"
"14424","2222 Rio Grande St, Austin, TX, 78705","Match","Exact","2222 RIO GRANDE ST, AUSTIN, TX, 78705","-97.744895032603,30.286283019373","63942690","L"
"13332","4400 N Lamar Blvd, Austin, TX, 78756","Match","Exact","4400 N LAMAR BLVD, AUSTIN, TX, 78756","-97.738561950668,30.312176770012","63931511","L"
"11673","13011 Shops Pkwy, Austin, TX, 78738","No_Match"
"24711","1200 W Howard Ln, Austin, TX, 78753","Match","Exact","1200 W HOWARD LN, AUSTIN, TX, 78753","-97.669990186717,30.424008001288","646528416","R"
"27309","1702 N Mays St, Round Rock, TX, 78664","Match","Exact","1702 N MAYS ST, ROUND ROCK, TX, 78664","-97.685960472542,30.52399586867","126423304","L"
"15606","1500 S, Leander, TX, 78641","No_Match"
"23184","10901 N Lamar Blvd, Austin, TX, 78753","Match","Exact","10901 N LAMAR BLVD, AUSTIN, TX, 78753","-97.68866666372,30.377711103298","63934128","R"
"26850","2111 E Palm Valley Blvd, Round Rock, TX, 78665","Match","Non_Exact","2111 PALM VALLEY BLVD, ROUND ROCK, TX, 78665","-97.653629226428,30.518060517939","618605396","R"
"23187","10901 N Lamar Blvd, Austin, TX, 78753","Match","Exact","10901 N LAMAR BLVD, AUSTIN, TX, 78753","-97.68866666372,30.377711103298","63934128","R"
"11523","13011 Shops Pkwy, Bee Cave, TX, 78738","No_Match"
"18318","13450 N Highway 183, Austin, TX, 78750","No_Match"
"25815","3750 Gattis School Rd, Round Rock, TX, 78664","Match","Exact","3750 GATTIS SCHOOL RD, ROUND ROCK, TX, 78664","-97.614677020523,30.497249535422","652712958","L"
"4560","8624 FM812, Austin, TX, 78719","Match","Non_Exact","8624 FM 812, AUSTIN, TX, 78719","-97.692517115155,30.1640870936","637876875","R"
"14760","900 W 12th St, Austin, TX, 78703","Match","Exact","900 W 12TH ST, AUSTIN, TX, 78703","-97.750206726445,30.276566404015","63943145","R"
"9336","517 W Martin Luther King Jr Blvd, Austin, TX, 78701","Match","Exact","517 W MARTIN LUTHER KING JR BLVD, AUSTIN, TX, 78701","-97.743317520041,30.282065091265","63943224","L"
"26103","661 Louis Henna Blvd, Round Rock, TX, 78664","Match","Exact","661 LOUIS HENNA BLVD, ROUND ROCK, TX, 78664","-97.657861110833,30.482811767657","647882643","R"
"23598","10901 Domain Dr, Austin, TX, 78758","Match","Exact","10901 DOMAIN DR, AUSTIN, TX, 78758","-97.726594054744,30.39494704483","640743441","R"
"9690","110 E Second St, Austin, TX, 78701","Match","Exact","110 E 2ND ST, AUSTIN, TX, 78701","-97.743990085108,30.264322433366","63943480","L"
"17190","12206 Ranch Rd 620 N, Cedar Park, TX, 78613","No_Match"
"25812","3750 Gattis School Rd, Round Rock, TX, 78664","Match","Exact","3750 GATTIS SCHOOL RD, ROUND ROCK, TX, 78664","-97.614677020523,30.497249535422","652712958","L"
"29178","13282 W State Hwy 29, Liberty Hill, TX, 78642","Match","Exact","13282 W STATE HWY 29, LIBERTY HILL, TX, 78642","-97.904856880539,30.664767495821","126489384","R"
"14127","2402 San Gabriel St, Austin, TX, 78705","Match","Exact","2402 SAN GABRIEL ST, AUSTIN, TX, 78705","-97.74788803771,30.288248858266","63942583","L"
"10167","515 Congress Ave, Austin, TX, 78701","Match","Exact","515 CONGRESS AVE, AUSTIN, TX, 78701","-97.743042105373,30.267275395867","63943455","R"
"4557","8624 FM812, Austin, TX, 78719","Match","Non_Exact","8624 FM 812, AUSTIN, TX, 78719","-97.692517115155,30.1640870936","637876875","R"
"11772","18101 State Highway 71, Austin, TX, 78738","Match","Exact","18101 STATE HWY 71, AUSTIN, TX, 78738","-98.023309818297,30.330326323049","64019697","R"
"14763","900 W 12th St, Austin, TX, 78703","Match","Exact","900 W 12TH ST, AUSTIN, TX, 78703","-97.750206726445,30.276566404015","63943145","R"
"11775","18101 State Hwy 71, Austin, TX, 78738","Match","Exact","18101 STATE HWY 71, AUSTIN, TX, 78738","-98.023309818297,30.330326323049","64019697","R"
"13437","1515 W 35th St, Austin, TX, 78703","Match","Exact","1515 W 35TH ST, AUSTIN, TX, 78703","-97.750070985111,30.306580794041","64008034","L"
"14406","2222 Rio Grande St, Austin, TX, 78705","Match","Exact","2222 RIO GRANDE ST, AUSTIN, TX, 78705","-97.744895032603,30.286283019373","63942690","L"
"16548","9900 W Parmer Ln, Austin, TX, 78717","Match","Exact","9900 W PARMER LN, AUSTIN, TX, 78717","-97.770408454437,30.485982215236","126456788","L"
